frame,timestamp_s,shot,track_id,vehicle_class,risk,ground_x_px,ground_y_px
0,0.0,0,26,caex,critical,1000.6,864.9
0,0.0,0,29,caex,caution,500.9,610.7
0,0.0,0,31,caex,critical,838.8,860.1
1,0.0417,0,26,caex,critical,960.1,869.6
1,0.0417,0,29,caex,caution,500.4,611.0
1,0.0417,0,31,caex,critical,829.0,869.7
2,0.0833,0,26,caex,critical,919.5,874.2
2,0.0833,0,29,caex,caution,499.9,611.2
2,0.0833,0,33,caex,safe,265.2,557.5
3,0.125,0,26,caex,critical,879.0,878.9
3,0.125,0,29,caex,caution,499.4,611.5
3,0.125,0,33,caex,safe,264.6,556.5
4,0.1667,0,26,caex,critical,838.4,883.5
4,0.1667,0,29,caex,critical,498.8,611.7
4,0.1667,0,33,caex,critical,276.1,558.0
5,0.2083,0,26,caex,critical,797.9,888.2
5,0.2083,0,29,caex,critical,498.3,611.9
5,0.2083,0,33,caex,critical,283.5,558.0
6,0.25,0,26,caex,critical,757.3,892.8
6,0.25,0,29,caex,critical,497.8,612.2
6,0.25,0,33,caex,critical,294.0,557.5
7,0.2917,0,26,caex,critical,716.8,897.5
7,0.2917,0,29,caex,critical,497.3,612.4
7,0.2917,0,33,caex,critical,295.1,557.0
8,0.3333,0,33,caex,critical,303.9,557.0
9,0.375,0,33,caex,critical,313.5,557.5
10,0.4167,0,33,caex,critical,324.2,558.0
11,0.4583,0,33,caex,critical,336.8,558.0
12,0.5,0,33,caex,critical,335.2,558.0
13,0.5417,0,33,caex,critical,345.2,557.5
14,0.5833,0,33,caex,critical,355.0,559.5
15,0.625,0,33,caex,critical,367.9,559.5
16,0.6667,0,33,caex,critical,365.5,559.5
17,0.7083,0,33,caex,safe,377.9,558.0
18,0.75,0,33,caex,safe,389.2,559.0
19,0.7917,0,33,caex,safe,401.5,559.5
20,0.8333,0,33,caex,safe,399.5,559.0
21,0.875,0,33,caex,safe,412.2,558.5
22,0.9167,0,33,caex,safe,423.0,559.0
23,0.9583,0,33,caex,safe,424.5,558.5
24,1.0,0,33,caex,safe,436.8,559.0
25,1.0417,0,33,caex,safe,448.0,560.0
26,1.0833,0,33,caex,safe,463.8,559.0
27,1.125,0,33,caex,safe,463.2,557.0
28,1.1667,0,33,caex,safe,475.0,558.0
29,1.2083,0,33,caex,safe,491.5,559.5
30,1.25,0,33,caex,safe,500.2,559.5
31,1.2917,0,33,caex,safe,503.0,557.5
32,1.3333,0,33,caex,safe,515.9,558.0
33,1.375,0,33,caex,safe,527.0,559.0
34,1.4167,0,33,caex,safe,529.9,556.5
35,1.4583,0,33,caex,safe,538.1,557.0
36,1.5,0,33,caex,safe,557.5,557.5
37,1.5417,0,33,caex,safe,558.1,554.0
38,1.5833,0,33,caex,safe,568.9,555.0
39,1.625,0,33,caex,safe,586.1,556.0
40,1.6667,0,33,caex,safe,597.0,556.5
41,1.7083,0,33,caex,safe,598.0,551.5
42,1.75,0,33,caex,safe,611.1,554.0
43,1.7917,0,33,caex,safe,627.0,554.0
44,1.8333,0,33,caex,safe,626.9,552.5
45,1.875,0,33,caex,safe,636.0,553.0
46,1.9167,0,33,caex,safe,671.1,554.0
47,1.9583,0,33,caex,safe,657.9,550.5
48,2.0,0,33,caex,safe,680.0,552.0
49,2.0417,0,33,caex,safe,690.0,551.0
50,2.0833,0,33,caex,safe,684.5,544.5
51,2.125,0,33,caex,safe,710.5,547.0
52,2.1667,0,33,caex,safe,720.0,541.0
53,2.2083,0,33,caex,safe,735.0,538.0
54,2.25,0,33,caex,safe,799.0,503.0
55,2.2917,0,33,caex,safe,808.5,496.0
56,2.3333,0,33,caex,safe,820.0,503.0
57,2.375,0,33,caex,safe,831.0,502.5
58,2.4167,0,33,caex,safe,852.0,500.0
59,2.4583,0,33,caex,safe,842.0,501.5
60,2.5,0,33,caex,safe,849.0,492.0
61,2.5417,0,33,caex,safe,846.0,490.5
62,2.5833,0,33,caex,safe,834.0,490.0
63,2.625,0,33,caex,safe,833.5,491.0
64,2.6667,0,33,caex,safe,837.0,491.0
65,2.7083,0,33,caex,safe,827.5,492.0
66,2.75,0,33,caex,safe,824.0,492.5
67,2.7917,0,33,caex,safe,822.5,492.5
68,2.8333,0,33,caex,safe,814.0,492.0
69,2.875,0,33,caex,safe,810.5,492.0
70,2.9167,0,33,caex,safe,808.5,492.0
71,2.9583,0,33,caex,safe,807.0,492.0
72,3.0,0,33,caex,safe,804.0,492.0
73,3.0417,0,33,caex,safe,802.5,485.0
74,3.0833,0,33,caex,safe,800.0,485.0
75,3.125,0,33,caex,safe,799.0,485.0
76,3.1667,0,33,caex,safe,794.0,492.5
77,3.2083,0,33,caex,safe,792.0,492.0
78,3.25,0,33,caex,safe,785.0,492.0
79,3.2917,0,33,caex,safe,780.0,492.0
80,3.3333,0,33,caex,safe,778.0,492.0
81,3.375,0,33,caex,safe,780.0,491.5
82,3.4167,0,33,caex,safe,775.0,492.0
83,3.4583,0,33,caex,safe,772.5,485.5
84,3.5,0,33,caex,safe,769.0,491.5
85,3.5417,0,33,caex,safe,764.0,491.5
85,3.5417,0,34,caex,safe,1225.0,585.5
86,3.5833,0,33,caex,safe,761.0,493.0
86,3.5833,0,34,caex,safe,1214.5,607.5
87,3.625,0,33,caex,safe,757.0,492.0
87,3.625,0,34,caex,safe,1204.5,610.0
88,3.6667,0,33,caex,safe,750.0,491.5
88,3.6667,0,34,caex,safe,1192.0,608.5
89,3.7083,0,33,caex,safe,746.0,491.5
89,3.7083,0,34,caex,safe,1180.5,607.0
90,3.75,0,33,caex,safe,743.5,492.0
90,3.75,0,34,caex,safe,1168.0,610.0
91,3.7917,0,33,caex,caution,742.0,486.0
91,3.7917,0,34,caex,caution,1156.0,612.0
92,3.8333,0,33,caex,caution,744.5,491.0
92,3.8333,0,34,caex,caution,1145.8,612.0
93,3.875,0,33,caex,caution,738.0,485.2
93,3.875,0,34,caex,caution,1131.0,611.5
94,3.9167,0,33,caex,caution,733.5,485.0
94,3.9167,0,34,caex,caution,1117.0,611.0
95,3.9583,0,33,caex,caution,728.0,492.0
95,3.9583,0,34,caex,caution,1086.2,616.0
96,4.0,0,33,caex,caution,725.0,491.5
96,4.0,0,34,caex,caution,1077.5,621.5
97,4.0417,0,33,caex,caution,723.0,490.5
97,4.0417,0,34,caex,caution,1076.5,622.5
98,4.0833,0,33,caex,caution,716.0,491.0
98,4.0833,0,34,caex,caution,1076.0,626.0
99,4.125,0,33,caex,caution,724.5,492.5
99,4.125,0,34,caex,caution,1072.2,624.0
100,4.1667,0,33,caex,caution,775.0,499.0
100,4.1667,0,34,caex,caution,1019.0,618.0
101,4.2083,0,33,caex,caution,775.0,494.0
101,4.2083,0,34,caex,caution,988.5,620.0
102,4.25,0,33,caex,critical,774.0,498.5
102,4.25,0,34,caex,critical,957.0,617.0
103,4.2917,0,33,caex,critical,757.1,624.0
103,4.2917,0,34,caex,critical,927.5,614.0
104,4.3333,0,33,caex,critical,787.0,671.0
104,4.3333,0,34,caex,critical,895.0,615.0
105,4.375,0,33,caex,critical,776.0,672.0
105,4.375,0,34,caex,critical,861.5,614.5
106,4.4167,0,33,caex,critical,733.1,671.0
106,4.4167,0,34,caex,critical,840.0,615.5
107,4.4583,0,33,caex,critical,680.0,603.0
107,4.4583,0,34,caex,critical,795.0,614.5
108,4.5,0,33,caex,critical,605.7,581.2
108,4.5,0,34,caex,critical,762.0,614.0
109,4.5417,0,33,caex,critical,555.5,663.0
109,4.5417,0,34,caex,critical,725.0,615.5
110,4.5833,0,33,caex,critical,468.1,698.4
110,4.5833,0,34,caex,critical,688.9,616.5
111,4.625,0,33,caex,critical,490.0,621.5
111,4.625,0,34,caex,critical,723.0,621.5
112,4.6667,0,33,caex,critical,468.2,586.3
112,4.6667,0,34,caex,critical,632.5,617.0
113,4.7083,0,33,caex,critical,446.4,551.1
113,4.7083,0,34,caex,critical,556.5,622.0
114,4.75,0,33,caex,critical,424.6,515.9
114,4.75,0,34,caex,critical,551.9,620.5
115,4.7917,0,33,caex,critical,402.7,480.7
115,4.7917,0,34,caex,critical,508.0,619.0
116,4.8333,0,33,caex,critical,380.9,445.5
116,4.8333,0,34,caex,critical,376.2,624.0
117,4.875,0,33,caex,critical,359.1,410.3
117,4.875,0,34,caex,critical,346.8,620.5
118,4.9167,0,33,caex,critical,337.3,375.0
118,4.9167,0,34,caex,critical,443.0,626.0
118,4.9167,0,35,caex,safe,650.0,489.5
119,4.9583,0,33,caex,critical,315.5,339.8
119,4.9583,0,34,caex,critical,307.5,620.0
119,4.9583,0,35,caex,safe,649.0,484.5
120,5.0,0,34,caex,critical,339.2,622.0
120,5.0,0,35,caex,critical,623.0,484.5
121,5.0417,0,34,caex,critical,342.5,621.5
121,5.0417,0,35,caex,critical,634.0,485.8
122,5.0833,0,34,caex,critical,296.0,618.0
122,5.0833,0,35,caex,critical,635.0,486.0
123,5.125,0,34,caex,critical,238.4,618.5
123,5.125,0,35,caex,critical,623.5,496.5
124,5.1667,0,34,caex,critical,192.5,616.0
124,5.1667,0,35,caex,critical,622.5,495.0
125,5.2083,0,34,caex,critical,196.6,620.0
125,5.2083,0,35,caex,critical,618.1,495.0
126,5.25,0,34,caex,critical,198.5,622.5
126,5.25,0,35,caex,critical,616.0,495.5
127,5.2917,0,34,caex,critical,180.8,617.0
127,5.2917,0,35,caex,critical,617.5,491.0
128,5.3333,0,34,caex,critical,187.0,619.0
128,5.3333,0,35,caex,critical,612.0,491.5
129,5.375,0,34,caex,critical,154.2,618.0
129,5.375,0,35,caex,critical,608.0,491.5
130,5.4167,0,34,caex,caution,125.8,614.5
130,5.4167,0,35,caex,caution,603.9,491.5
131,5.4583,0,34,caex,caution,156.8,615.5
131,5.4583,0,35,caex,caution,601.0,499.0
132,5.5,0,34,caex,caution,149.4,620.5
132,5.5,0,35,caex,caution,598.1,499.5
133,5.5417,0,34,caex,caution,170.8,620.0
133,5.5417,0,35,caex,caution,593.5,499.5
134,5.5833,0,34,caex,caution,154.2,616.0
134,5.5833,0,35,caex,caution,588.5,498.5
135,5.625,0,34,caex,caution,59.5,604.0
135,5.625,0,35,caex,caution,591.0,495.0
136,5.6667,0,34,caex,caution,56.2,585.0
136,5.6667,0,35,caex,caution,588.5,492.5
137,5.7083,0,34,caex,caution,3.8,573.6
137,5.7083,0,35,caex,caution,586.5,492.5
138,5.75,0,34,caex,caution,-48.6,562.1
138,5.75,0,35,caex,caution,583.5,493.5
139,5.7917,0,34,caex,caution,-101.0,550.7
139,5.7917,0,35,caex,caution,577.1,492.0
140,5.8333,0,34,caex,caution,-153.4,539.2
140,5.8333,0,35,caex,caution,568.1,502.0
141,5.875,0,34,caex,caution,-205.7,527.8
141,5.875,0,35,caex,caution,564.1,502.5
142,5.9167,0,34,caex,caution,-258.1,516.3
142,5.9167,0,35,caex,caution,559.5,503.0
143,5.9583,0,34,caex,caution,-310.5,504.9
143,5.9583,0,35,caex,caution,557.0,503.0
144,6.0,0,34,caex,safe,-362.9,493.5
144,6.0,0,35,caex,safe,553.1,502.5
145,6.0417,0,35,caex,safe,557.0,500.5
146,6.0833,0,35,caex,safe,554.5,499.0
147,6.125,0,35,caex,safe,549.0,498.0
148,6.1667,0,35,caex,safe,546.0,492.5
149,6.2083,0,35,caex,safe,542.5,496.0
150,6.25,0,35,caex,safe,538.1,493.0
151,6.2917,0,35,caex,safe,535.5,503.5
151,6.2917,0,36,caex,safe,1252.0,430.8
152,6.3333,0,35,caex,safe,531.9,503.0
152,6.3333,0,36,caex,safe,1248.0,433.0
153,6.375,0,35,caex,safe,532.0,503.0
153,6.375,0,36,caex,safe,1242.0,431.5
154,6.4167,0,35,caex,safe,528.7,503.9
154,6.4167,0,36,caex,safe,1236.0,431.5
155,6.4583,0,35,caex,safe,525.4,504.8
155,6.4583,0,36,caex,safe,1229.0,439.5
156,6.5,0,35,caex,safe,522.1,505.7
156,6.5,0,36,caex,safe,1225.0,440.5
157,6.5417,0,35,caex,safe,518.8,506.7
157,6.5417,0,36,caex,safe,1219.0,441.0
158,6.5833,0,35,caex,safe,515.5,507.6
158,6.5833,0,36,caex,safe,1211.0,434.5
159,6.625,0,35,caex,safe,512.1,508.5
159,6.625,0,36,caex,safe,1205.0,435.0
160,6.6667,0,35,caex,safe,508.8,509.4
160,6.6667,0,36,caex,safe,1193.0,435.0
161,6.7083,0,35,caex,safe,505.5,510.3
161,6.7083,0,36,caex,safe,1184.0,435.2
162,6.75,0,36,caex,safe,1174.0,434.5
163,6.7917,0,36,caex,safe,1163.0,434.8
164,6.8333,0,36,caex,safe,1152.0,436.0
165,6.875,0,36,caex,safe,1144.0,435.5
166,6.9167,0,36,caex,safe,1131.0,435.5
167,6.9583,0,36,caex,safe,1122.0,436.0
168,7.0,0,36,caex,safe,1112.0,436.0
169,7.0417,0,36,caex,safe,1104.0,436.0
170,7.0833,0,36,caex,safe,1096.0,437.0
171,7.125,0,36,caex,safe,1083.0,437.5
172,7.1667,0,36,caex,safe,1074.0,439.0
173,7.2083,0,36,caex,safe,1064.2,442.0
174,7.25,0,36,caex,safe,1054.2,444.8
175,7.2917,0,36,caex,safe,1057.0,444.5
176,7.3333,0,36,caex,safe,1048.0,446.0
177,7.375,0,36,caex,safe,1041.0,448.2
178,7.4167,0,36,caex,safe,1030.0,451.0
179,7.4583,0,36,caex,safe,1019.0,451.5
179,7.4583,0,37,caex,safe,57.8,579.5
180,7.5,0,36,caex,safe,1013.0,452.2
180,7.5,0,37,caex,safe,64.5,587.0
181,7.5417,0,36,caex,safe,1000.0,453.5
181,7.5417,0,37,caex,safe,74.7,590.0
182,7.5833,0,36,caex,safe,976.0,450.0
182,7.5833,0,37,caex,safe,85.7,601.5
183,7.625,0,36,caex,safe,983.0,454.5
183,7.625,0,37,caex,safe,95.4,604.0
184,7.6667,0,36,caex,safe,959.0,456.0
184,7.6667,0,37,caex,safe,103.6,605.0
185,7.7083,0,36,caex,safe,961.0,457.0
185,7.7083,0,37,caex,safe,112.9,605.0
186,7.75,0,36,caex,safe,939.0,451.5
186,7.75,0,37,caex,safe,129.4,607.0
187,7.7917,0,36,caex,safe,926.5,453.8
187,7.7917,0,37,caex,safe,138.6,610.0
188,7.8333,0,36,caex,safe,939.0,457.0
188,7.8333,0,37,caex,safe,144.5,609.0
189,7.875,0,36,caex,safe,938.2,452.2
189,7.875,0,37,caex,safe,158.2,610.0
190,7.9167,0,36,caex,safe,896.0,457.0
190,7.9167,0,37,caex,safe,169.1,615.5
191,7.9583,0,36,caex,safe,898.5,461.0
191,7.9583,0,37,caex,safe,177.8,610.5
192,8.0,0,36,caex,safe,889.0,466.0
192,8.0,0,37,caex,safe,191.5,613.5
193,8.0417,0,36,caex,safe,886.0,469.5
193,8.0417,0,37,caex,safe,205.2,612.5
194,8.0833,0,36,caex,safe,876.0,470.5
194,8.0833,0,37,caex,safe,234.0,611.5
195,8.125,0,36,caex,safe,866.0,470.5
195,8.125,0,37,caex,safe,246.1,614.0
196,8.1667,0,36,caex,safe,860.0,470.5
196,8.1667,0,37,caex,safe,278.4,613.0
197,8.2083,0,36,caex,safe,852.5,471.5
197,8.2083,0,37,caex,safe,301.8,621.0
198,8.25,0,36,caex,safe,852.0,471.5
198,8.25,0,37,caex,safe,328.6,631.0
199,8.2917,0,36,caex,safe,833.5,471.5
199,8.2917,0,37,caex,safe,343.1,633.5
200,8.3333,0,36,caex,safe,829.5,472.0
200,8.3333,0,37,caex,safe,373.8,623.5
201,8.375,0,36,caex,safe,823.0,472.5
201,8.375,0,37,caex,safe,404.1,627.0
202,8.4167,0,36,caex,safe,812.0,473.0
202,8.4167,0,37,caex,safe,441.2,621.0
203,8.4583,0,36,caex,safe,802.5,474.0
203,8.4583,0,37,caex,safe,465.5,630.0
204,8.5,0,36,caex,safe,795.0,474.5
204,8.5,0,37,caex,safe,503.5,633.5
205,8.5417,0,36,caex,safe,778.2,475.0
205,8.5417,0,37,caex,safe,549.1,623.0
206,8.5833,0,36,caex,safe,761.5,475.4
206,8.5833,0,37,caex,safe,583.1,632.0
207,8.625,0,36,caex,caution,744.7,475.9
207,8.625,0,37,caex,caution,600.0,630.5
208,8.6667,0,36,caex,caution,727.9,476.4
208,8.6667,0,37,caex,caution,647.5,629.0
209,8.7083,0,36,caex,caution,711.2,476.9
209,8.7083,0,37,caex,caution,679.9,633.0
210,8.75,0,36,caex,caution,694.4,477.3
210,8.75,0,37,caex,caution,719.0,640.0
211,8.7917,0,36,caex,caution,705.5,440.0
211,8.7917,0,37,caex,caution,774.0,629.0
212,8.8333,0,36,caex,caution,708.2,421.9
212,8.8333,0,37,caex,caution,841.5,620.5
213,8.875,0,36,caex,caution,710.9,403.8
213,8.875,0,37,caex,caution,877.5,616.5
214,8.9167,0,36,caex,caution,713.6,385.7
214,8.9167,0,37,caex,caution,912.0,615.0
215,8.9583,0,36,caex,caution,716.3,367.6
215,8.9583,0,37,caex,caution,947.5,616.0
216,9.0,0,36,caex,caution,719.1,349.5
216,9.0,0,37,caex,caution,1012.0,622.0
217,9.0417,0,36,caex,caution,721.8,331.4
217,9.0417,0,37,caex,caution,1045.0,623.5
218,9.0833,0,36,caex,caution,724.5,313.3
218,9.0833,0,37,caex,caution,1072.5,635.5
219,9.125,0,36,caex,caution,727.2,295.2
219,9.125,0,37,caex,caution,1077.0,627.0
220,9.1667,0,37,caex,caution,1094.0,628.0
220,9.1667,0,38,caex,safe,718.0,489.5
221,9.2083,0,37,caex,caution,1135.0,627.5
221,9.2083,0,38,caex,safe,699.0,491.0
222,9.25,0,37,caex,caution,1156.0,626.0
222,9.25,0,38,caex,safe,697.0,492.0
223,9.2917,0,37,caex,caution,1174.0,625.0
223,9.2917,0,38,caex,safe,691.0,503.0
224,9.3333,0,37,caex,caution,1192.0,617.0
224,9.3333,0,38,caex,safe,691.0,504.5
225,9.375,0,37,caex,caution,1214.0,620.0
225,9.375,0,38,caex,safe,680.5,500.0
226,9.4167,0,37,caex,caution,1230.0,603.0
226,9.4167,0,38,caex,safe,678.5,495.0
227,9.4583,0,37,caex,caution,1248.0,586.0
227,9.4583,0,38,caex,safe,671.5,495.5
228,9.5,0,37,caex,caution,1284.5,571.4
228,9.5,0,38,caex,safe,668.0,502.5
229,9.5417,0,37,caex,caution,1320.9,556.8
229,9.5417,0,38,caex,safe,667.0,502.5
230,9.5833,0,37,caex,safe,1357.4,542.1
230,9.5833,0,38,caex,safe,657.5,511.0
231,9.625,0,37,caex,safe,1393.8,527.5
231,9.625,0,38,caex,safe,654.0,509.0
232,9.6667,0,37,caex,safe,1430.3,512.9
232,9.6667,0,38,caex,safe,650.0,503.5
233,9.7083,0,37,caex,safe,1466.7,498.3
233,9.7083,0,38,caex,safe,646.0,505.0
234,9.75,0,37,caex,safe,1503.2,483.6
234,9.75,0,38,caex,safe,644.1,503.5
235,9.7917,0,37,caex,safe,1539.7,469.0
235,9.7917,0,38,caex,safe,638.0,503.5
236,9.8333,0,38,caex,safe,635.9,503.5
237,9.875,0,38,caex,safe,634.0,503.0
238,9.9167,0,38,caex,safe,630.5,503.0
239,9.9583,0,38,caex,safe,616.0,508.0
